{
  "ScriptDirectory": "content",
  "DeployFile": {
    "PackagePath": "deploy.ps1"
  },
  "PreScripts": [],
  "PostScripts": [],
  "ConfigurationFile": {
    "PackagePath": "dbops.config.json"
  },
  "Builds": [
    {
      "Build": "1.0.1",
      "CreatedDate": "Tuesday, 18 May 2021 19:41:53",
      "PackagePath": "1.0.1",
      "Scripts": [
        {
          "PackagePath": "opsscripts\\Script0001-inventorytable.sql",
          "Hash": "0x24A4DBB9F9600024C70DCB95C656A0B7"
        }
      ]
    }
  ],
  "Slim": false
}